Originalseite;Galerie;Originaleinträge;Übernommen;Nicht abrufbar
https://helfendeassistenzhundepfotenimgrund.de/Reico-Vertriebspartner/;Was ist eine gute Ernährung?;5;5;0
https://helfendeassistenzhundepfotenimgrund.de/aktuelles/;Training auf dem Weihnachtsmarkt, Messen, und viele andere Besonderheiten;2;2;0
https://helfendeassistenzhundepfotenimgrund.de/galerie-calla/;"Aussiedoodle ""Calla"" in der Grundausbildung";58;58;0
https://helfendeassistenzhundepfotenimgrund.de/galerie-calla/;"Aussiedoodle ""Calla"" in der Grundausbildung";34;34;0
https://helfendeassistenzhundepfotenimgrund.de/galerie-events/;Theorie- und Praxisseminar;17;17;0
https://helfendeassistenzhundepfotenimgrund.de/galerie-events/;Tierpark und Zoo;17;17;0
https://helfendeassistenzhundepfotenimgrund.de/galerie-events/;Training am Flughafen;2;2;0
https://helfendeassistenzhundepfotenimgrund.de/galerie-events/;Autofreier Sonntag Ebsdorfergrund;4;4;0
https://helfendeassistenzhundepfotenimgrund.de/galerie/;Verschiedene Hunde im Training;111;108;3
