Originalseite;Zielseiten;Geprüfte Textblöcke;Fehlende Textblöcke;Ergebnis
https://helfendeassistenzhundepfotenimgrund.de/;index.html | fragen/index.html;19;0;vollständig
https://helfendeassistenzhundepfotenimgrund.de/Reico-Vertriebspartner/;ernaehrungsberatung/index.html;11;0;vollständig
https://helfendeassistenzhundepfotenimgrund.de/aktuelles/;aktuelles/index.html;37;0;vollständig
https://helfendeassistenzhundepfotenimgrund.de/angebote-preise/;assistenzhunde/preise/index.html;49;0;vollständig
https://helfendeassistenzhundepfotenimgrund.de/ausbildungsformen/;assistenzhunde/ausbildung/index.html;13;0;vollständig
https://helfendeassistenzhundepfotenimgrund.de/der-assistenzhund/;assistenzhunde/index.html;23;0;vollständig
https://helfendeassistenzhundepfotenimgrund.de/galerie-assistenzhunde_im_grund/;einblicke/index.html;1;0;vollständig
https://helfendeassistenzhundepfotenimgrund.de/galerie-calla/;einblicke/calla/index.html;3;0;vollständig
https://helfendeassistenzhundepfotenimgrund.de/galerie-events/;einblicke/events/index.html;7;0;vollständig
https://helfendeassistenzhundepfotenimgrund.de/galerie/;einblicke/training/index.html;2;0;vollständig
https://helfendeassistenzhundepfotenimgrund.de/helferhunde-esa-ausbildung/;helferhunde/ausbildung/index.html;11;0;vollständig
https://helfendeassistenzhundepfotenimgrund.de/helferhunde-esa/;helferhunde/index.html;10;0;vollständig
https://helfendeassistenzhundepfotenimgrund.de/helferhunde-leistungen-und-preise/;helferhunde/preise/index.html;12;0;vollständig
https://helfendeassistenzhundepfotenimgrund.de/impressum/;datenschutz/index.html | impressum/index.html;39;0;vollständig
https://helfendeassistenzhundepfotenimgrund.de/kontakt/;kontakt/index.html;16;0;vollständig
https://helfendeassistenzhundepfotenimgrund.de/lpf-assistenzhunde/;assistenzhunde/lpf/index.html;14;0;vollständig
https://helfendeassistenzhundepfotenimgrund.de/mantrailing/;mantrailing/index.html;19;0;vollständig
https://helfendeassistenzhundepfotenimgrund.de/oeffnungszeiten/;kontakt/oeffnungszeiten/index.html;2;0;vollständig
https://helfendeassistenzhundepfotenimgrund.de/psb-assistenzhunde/;assistenzhunde/psb/index.html;49;0;vollständig
https://helfendeassistenzhundepfotenimgrund.de/signalassistenzhunde/;assistenzhunde/signal/index.html;4;0;vollständig
https://helfendeassistenzhundepfotenimgrund.de/ueber-uns/;ueber-mich/index.html;3;0;vollständig
https://helfendeassistenzhundepfotenimgrund.de/ueber-uns_qualifikation/;ueber-mich/qualifikationen/index.html;159;0;vollständig
https://helfendeassistenzhundepfotenimgrund.de/warn-anzeige-assistenzhunde/;assistenzhunde/warn-anzeige/index.html;43;0;vollständig
