Bisherige Verzeichnisadresse;Neue Verzeichnisadresse;Lokale Weiterleitungsdatei
/der-assistenzhund/;/assistenzhunde/;der-assistenzhund/index.html
/ausbildungsformen/;/assistenzhunde/ausbildung/;ausbildungsformen/index.html
/angebote-preise/;/assistenzhunde/preise/;angebote-preise/index.html
/warn-anzeige-assistenzhunde/;/assistenzhunde/warn-anzeige/;warn-anzeige-assistenzhunde/index.html
/psb-assistenzhunde/;/assistenzhunde/psb/;psb-assistenzhunde/index.html
/signalassistenzhunde/;/assistenzhunde/signal/;signalassistenzhunde/index.html
/lpf-assistenzhunde/;/assistenzhunde/lpf/;lpf-assistenzhunde/index.html
/helferhunde-esa/;/helferhunde/;helferhunde-esa/index.html
/helferhunde-esa-ausbildung/;/helferhunde/ausbildung/;helferhunde-esa-ausbildung/index.html
/helferhunde-leistungen-und-preise/;/helferhunde/preise/;helferhunde-leistungen-und-preise/index.html
/ueber-uns/;/ueber-mich/;ueber-uns/index.html
/ueber-uns_qualifikation/;/ueber-mich/qualifikationen/;ueber-uns_qualifikation/index.html
/oeffnungszeiten/;/kontakt/oeffnungszeiten/;oeffnungszeiten/index.html
/galerie-assistenzhunde_im_grund/;/einblicke/;galerie-assistenzhunde_im_grund/index.html
/galerie/;/einblicke/training/;galerie/index.html
/galerie-calla/;/einblicke/calla/;galerie-calla/index.html
/galerie-events/;/einblicke/events/;galerie-events/index.html
/Reico-Vertriebspartner/;/ernaehrungsberatung/;Reico-Vertriebspartner/index.html
