Originalseite;Linktext;Originalziel;Bereinigtes Ziel;Umsetzung
https://helfendeassistenzhundepfotenimgrund.de/;zu unseren Angeboten;/angebote-preise/index.php/;/angebote-preise/index.php/;"Originalziel übernommen; interne Ziele relativ umgesetzt"
https://helfendeassistenzhundepfotenimgrund.de/;Helferhunde;/helferhunde-esa/index.php/;/helferhunde-esa/index.php/;"Originalziel übernommen; interne Ziele relativ umgesetzt"
https://helfendeassistenzhundepfotenimgrund.de/;hier;/der-assistenzhund/;/der-assistenzhund/;"Originalziel übernommen; interne Ziele relativ umgesetzt"
https://helfendeassistenzhundepfotenimgrund.de/;Beratungsgespräch;/kontakt/;/kontakt/;"Originalziel übernommen; interne Ziele relativ umgesetzt"
https://helfendeassistenzhundepfotenimgrund.de/;"Fonds ""Sexueller Missbrauch"" der Bundesregierung";https://https://www.fonds-missbrauch.de/;https://www.fonds-missbrauch.de/;Protokollfehler berichtigt
https://helfendeassistenzhundepfotenimgrund.de/;Weißen Ring;https://https://weisser-ring.de/;https://weisser-ring.de/;Protokollfehler berichtigt
https://helfendeassistenzhundepfotenimgrund.de/;Kontakt;/kontakt/index.php/;/kontakt/index.php/;"Originalziel übernommen; interne Ziele relativ umgesetzt"
https://helfendeassistenzhundepfotenimgrund.de/aktuelles/;zur Anmeldung;/kontakt/index.php/;/kontakt/index.php/;"Originalziel übernommen; interne Ziele relativ umgesetzt"
https://helfendeassistenzhundepfotenimgrund.de/ausbildungsformen/;Assistenzhundegesetz;https://https://www.gesetze-im-internet.de/ahundv/;https://www.gesetze-im-internet.de/ahundv/;Protokollfehler berichtigt
https://helfendeassistenzhundepfotenimgrund.de/ausbildungsformen/;gesetzliche Grundlage;/der-assistenzhund/index.php/;/der-assistenzhund/index.php/;"Originalziel übernommen; interne Ziele relativ umgesetzt"
https://helfendeassistenzhundepfotenimgrund.de/der-assistenzhund/;Warn- und Anzeigehunde;/warn-anzeige-assistenzhunde/index.php/;/warn-anzeige-assistenzhunde/index.php/;"Originalziel übernommen; interne Ziele relativ umgesetzt"
https://helfendeassistenzhundepfotenimgrund.de/der-assistenzhund/;PSB-Assistenzhunde;/psb-assistenzhunde/index.php/;/psb-assistenzhunde/index.php/;"Originalziel übernommen; interne Ziele relativ umgesetzt"
https://helfendeassistenzhundepfotenimgrund.de/der-assistenzhund/;Signalassistenzhunde;/signalassistenzhunde/index.php/;/signalassistenzhunde/index.php/;"Originalziel übernommen; interne Ziele relativ umgesetzt"
https://helfendeassistenzhundepfotenimgrund.de/der-assistenzhund/;LPF-Assistenzhunde;/lpf-assistenzhunde/index.php/;/lpf-assistenzhunde/index.php/;"Originalziel übernommen; interne Ziele relativ umgesetzt"
https://helfendeassistenzhundepfotenimgrund.de/der-assistenzhund/;Assistenzhundeverordnung;https://https://www.gesetze-im-internet.de/ahundv/;https://www.gesetze-im-internet.de/ahundv/;Protokollfehler berichtigt
https://helfendeassistenzhundepfotenimgrund.de/galerie-assistenzhunde_im_grund/;Einblick ins Training;/galerie/index.php/;/galerie/index.php/;"Originalziel übernommen; interne Ziele relativ umgesetzt"
https://helfendeassistenzhundepfotenimgrund.de/galerie-assistenzhunde_im_grund/;Calla - der Weg eines Assistenzhunds;/galerie-calla/index.php/;/galerie-calla/index.php/;"Originalziel übernommen; interne Ziele relativ umgesetzt"
https://helfendeassistenzhundepfotenimgrund.de/galerie-assistenzhunde_im_grund/;Event-Galerie;/galerie-events/index.php/;/galerie-events/index.php/;"Originalziel übernommen; interne Ziele relativ umgesetzt"
https://helfendeassistenzhundepfotenimgrund.de/helferhunde-esa-ausbildung/;Kontakt;/kontakt/index.php/;/kontakt/index.php/;"Originalziel übernommen; interne Ziele relativ umgesetzt"
https://helfendeassistenzhundepfotenimgrund.de/helferhunde-esa/;Helferhund-Ausbildung;/helferhunde-esa-ausbildung/index.php/;/helferhunde-esa-ausbildung/index.php/;"Originalziel übernommen; interne Ziele relativ umgesetzt"
https://helfendeassistenzhundepfotenimgrund.de/helferhunde-esa/;Leistungen und Preise;/helferhunde-leistungen-und-preise/index.php/;/helferhunde-leistungen-und-preise/index.php/;"Originalziel übernommen; interne Ziele relativ umgesetzt"
https://helfendeassistenzhundepfotenimgrund.de/helferhunde-esa/;Kontakt;/kontakt/index.php/;/kontakt/index.php/;"Originalziel übernommen; interne Ziele relativ umgesetzt"
https://helfendeassistenzhundepfotenimgrund.de/impressum/;hahundepimgrund@gmail.com;mailto:hahundepimgrund@gmail.com;mailto:hahundepimgrund@gmail.com;"Originalziel übernommen; interne Ziele relativ umgesetzt"
https://helfendeassistenzhundepfotenimgrund.de/impressum/;https://ec.europa.eu/consumers/odr/;https://ec.europa.eu/consumers/odr/;https://ec.europa.eu/consumers/odr/;"Originalziel übernommen; interne Ziele relativ umgesetzt"
https://helfendeassistenzhundepfotenimgrund.de/impressum/;hahundepimgrund@gmail.com;mailto:hahundepimgrund@gmail.com;mailto:hahundepimgrund@gmail.com;"Originalziel übernommen; interne Ziele relativ umgesetzt"
https://helfendeassistenzhundepfotenimgrund.de/impressum/;https://www.google.com/fonts#AboutPlace:about;https://www.google.com/fonts#AboutPlace:about;https://www.google.com/fonts#AboutPlace:about;"Originalziel übernommen; interne Ziele relativ umgesetzt"
https://helfendeassistenzhundepfotenimgrund.de/impressum/;https://www.google.com/policies/privacy/;https://www.google.com/policies/privacy/;https://www.google.com/policies/privacy/;"Originalziel übernommen; interne Ziele relativ umgesetzt"
https://helfendeassistenzhundepfotenimgrund.de/impressum/;DSGVO;http://eur-lex.europa.eu/legal-content/DE/TXT/?uri=uriserv%3AOJ.L_.2016.119.01.0001.01.DEU&toc=OJ%3AL%3A2016%3A119%3ATOC;http://eur-lex.europa.eu/legal-content/DE/TXT/?uri=uriserv%3AOJ.L_.2016.119.01.0001.01.DEU&toc=OJ%3AL%3A2016%3A119%3ATOC;"Originalziel übernommen; interne Ziele relativ umgesetzt"
https://helfendeassistenzhundepfotenimgrund.de/impressum/;poststelle@datenschutz.hessen.de;mailto:poststelle@datenschutz.hessen.de;mailto:poststelle@datenschutz.hessen.de;"Originalziel übernommen; interne Ziele relativ umgesetzt"
https://helfendeassistenzhundepfotenimgrund.de/impressum/;https://www.datenschutz.hessen.de;https://www.datenschutz.hessen.de/;https://www.datenschutz.hessen.de/;"Originalziel übernommen; interne Ziele relativ umgesetzt"
https://helfendeassistenzhundepfotenimgrund.de/kontakt/;;mailto:hahundepimgrund@gmail.com;mailto:hahundepimgrund@gmail.com;"Originalziel übernommen; interne Ziele relativ umgesetzt"
https://helfendeassistenzhundepfotenimgrund.de/kontakt/;iwallon@helfendeassistenzhundepfotenimgrund.de;mailto:hahundepimgrund%40gmail.com?subject=Kontakt%20%C3%BCber%20Website&body=Hallo%2C%20%0Aich%20habe%20mich%20soeben%20auf%20Ihrer%20Website%20informiert%20und%20habe%20folgendes%20Anliegen%3A;mailto:hahundepimgrund%40gmail.com?subject=Kontakt%20%C3%BCber%20Website&body=Hallo%2C%20%0Aich%20habe%20mich%20soeben%20auf%20Ihrer%20Website%20informiert%20und%20habe%20folgendes%20Anliegen%3A;"Originalziel übernommen; interne Ziele relativ umgesetzt"
https://helfendeassistenzhundepfotenimgrund.de/kontakt/;hahundepimgrund@gmail.com;mailto:hahundepimgrund%40gmail.com?subject=Kontakt%20%C3%BCber%20Website&body=Hallo%2C%20%0Aich%20habe%20mich%20soeben%20auf%20Ihrer%20Website%20informiert%20und%20habe%20folgendes%20Anliegen%3A;mailto:hahundepimgrund%40gmail.com?subject=Kontakt%20%C3%BCber%20Website&body=Hallo%2C%20%0Aich%20habe%20mich%20soeben%20auf%20Ihrer%20Website%20informiert%20und%20habe%20folgendes%20Anliegen%3A;"Originalziel übernommen; interne Ziele relativ umgesetzt"
https://helfendeassistenzhundepfotenimgrund.de/kontakt/;rechnung@helfendeassistenzhundepfotenimgrund.de;mailto:rechnung%40helfendeassistenzhundepfotenimgrund.de?subject=Rechnung&body=Hallo%2C%0A...;mailto:rechnung%40helfendeassistenzhundepfotenimgrund.de?subject=Rechnung&body=Hallo%2C%0A...;"Originalziel übernommen; interne Ziele relativ umgesetzt"
https://helfendeassistenzhundepfotenimgrund.de/kontakt/;E-Mail;mailto:iwallon@helfendeassistenzhundepfotenimgrund.de;mailto:iwallon@helfendeassistenzhundepfotenimgrund.de;"Originalziel übernommen; interne Ziele relativ umgesetzt"
https://helfendeassistenzhundepfotenimgrund.de/kontakt/;;"/kontakt/index.php/;focus=STRATP_com_cm4all_wch_maps_51904585&frame=STRATP_com_cm4all_wch_maps_51904585";"/kontakt/index.php/;focus=STRATP_com_cm4all_wch_maps_51904585&frame=STRATP_com_cm4all_wch_maps_51904585";"Originalziel übernommen; interne Ziele relativ umgesetzt"
https://helfendeassistenzhundepfotenimgrund.de/mantrailing/;Kontakt;/kontakt/index.php/;/kontakt/index.php/;"Originalziel übernommen; interne Ziele relativ umgesetzt"
https://helfendeassistenzhundepfotenimgrund.de/oeffnungszeiten/;Kontakt;/kontakt/index.php/;/kontakt/index.php/;"Originalziel übernommen; interne Ziele relativ umgesetzt"
